x,y
20,20
25.839252471923828,28.11422348022461
31.692418098449707,36.21841812133789
37.56267738342285,44.31023597717285
43.45009994506836,52.38957977294922
49.355600357055664,60.455718994140625
55.280155181884766,68.50786972045898
61.22483444213867,76.54517364501953
67.19091796875,84.56661224365234
73.17992401123047,92.57093048095703
79.19290161132812,100.55726623535156
85.23158264160156,108.52417755126953
91.29810333251953,116.46990966796875
97.39411926269531,124.3930435180664
103.52198028564453,132.29158782958984
109.68476104736328,140.16287994384766
115.88504028320312,148.0046844482422
122.12633514404297,155.81387329101562
128.41261291503906,163.5869140625
134.74911499023438,171.3190460205078
141.14093780517578,179.0054931640625
147.59525299072266,186.63951110839844
154.12010192871094,194.21336364746094
160.72593688964844,201.71664428710938
167.42567443847656,209.13616943359375
174.2366943359375,216.45362854003906
181.18197631835938,223.64370727539062
188.2931365966797,230.66954040527344
195.6171112060547,237.47291564941406
203.22671508789062,243.95428466796875
211.24610900878906,249.91810607910156
219.90830993652344,254.8852996826172
229.54859924316406,257.12757873535156
237.33029174804688,251.65386962890625
239.677734375,241.99746704101562
239.714111328125,232.00906372070312
238.71737670898438,222.0643768310547
237.1260223388672,212.1959686279297
235.14141845703125,202.39852905273438
232.87338256835938,192.66262817382812
230.38922119140625,182.9794464111328
228.54005432128906,173.15789794921875
226.8739776611328,163.3009033203125
225.33834838867188,153.42276000976562
223.9493865966797,143.52291107177734
222.7263946533203,133.601318359375
221.69342041015625,123.65811920166016
220.8804473876953,113.6945571899414
220.32528686523438,103.7135009765625
220.07835388183594,93.72013854980469
220.20518493652344,83.72477722167969
220.79685974121094,73.74658966064453
221.981689453125,63.82212448120117
223.9481201171875,54.02421188354492
226.974365234375,44.50374412536621
231.46009826660156,35.58665180206299
237.85533142089844,27.943540573120117
246.2495880126953,22.599948167800903
255.9147491455078,20.198226183652878
265.89903259277344,20.229315295815468
275.7334289550781,21.93345034122467
284.8310241699219,25.983392238616943
291.93829345703125,32.9221248626709
296.00665283203125,42.000837326049805
297.39312744140625,51.879690170288086
296.971923828125,61.85900115966797
295.3724670410156,71.72307968139648
292.9689636230469,81.42464828491211
289.98736572265625,90.96537780761719
286.57037353515625,100.35942077636719
282.1924133300781,109.25491333007812
275.962158203125,117.0728759765625
269.73187255859375,124.890869140625
263.5015563964844,132.70889282226562
257.2712707519531,140.52688598632812
251.04098510742188,148.34487915039062
244.8106689453125,156.16290283203125
238.58041381835938,163.9808349609375
232.35012817382812,171.79885864257812
226.11984252929688,179.61685180664062
219.88954162597656,187.43484497070312
213.65924072265625,195.25286865234375
207.428955078125,203.07086181640625
201.1986846923828,210.88882446289062
194.96839904785156,218.70681762695312
188.73809814453125,226.52484130859375
182.50779724121094,234.34283447265625
176.2775115966797,242.16082763671875
170.04721069335938,249.9788360595703
163.81695556640625,257.7967987060547
157.58665466308594,265.6147918701172
151.3563690185547,273.43280029296875
145.12606811523438,281.25079345703125
138.89576721191406,289.06878662109375
132.6654815673828,296.8868103027344
126.43522644042969,304.70477294921875
120.20492553710938,312.52276611328125
113.97462463378906,320.34075927734375
107.74433898925781,328.15875244140625
101.5140380859375,335.9767761230469
95.28375244140625,343.7947998046875
89.05349731445312,351.61273193359375
82.82319259643555,359.43072509765625
76.59289932250977,367.2487487792969
70.36264419555664,375.06671142578125
64.13230514526367,382.884765625
57.90205001831055,390.70269775390625
51.67171859741211,398.520751953125
45.441463470458984,406.3387145996094
39.211124420166016,414.1567687988281
32.98086929321289,421.9747314453125
26.7506103515625,429.79266357421875
20.520278930664062,437.6107177734375
14.290019989013672,445.4286804199219
8.059688568115234,453.2467346191406
1.8294296264648438,461.064697265625
-4.400903701782227,468.88275146484375
-10.631160736083984,476.70068359375
-16.861419677734375,484.5186462402344
-23.091751098632812,492.3367004394531
-28.34433364868164,500.06488037109375
-20.443523406982422,506.18231201171875
-11.946800231933594,511.4407958984375
-2.962095260620117,515.8147277832031
6.397497177124023,519.3170471191406
16.02694869041443,521.9915161132812
25.83735990524292,523.9014892578125
35.757991790771484,525.1180114746094
45.7357292175293,525.71484375
55.731224060058594,525.7606201171875
65.71736526489258,525.3172912597656
75.67513656616211,524.4411010742188
85.5915756225586,523.1798095703125
95.45856475830078,521.5762023925781
105.27084350585938,519.6661376953125
115.02560424804688,517.4812622070312
124.72174072265625,515.0485534667969
134.2408905029297,512.0046997070312
143.72018432617188,508.8294677734375
153.19142150878906,505.63055419921875
162.65403747558594,502.4058532714844
172.10736083984375,499.15484619140625
181.5511932373047,495.8758239746094
190.98410034179688,492.5654602050781
200.40554809570312,489.22283935546875
209.8144073486328,485.8447265625
219.20956420898438,482.42889404296875
228.5891876220703,478.9709167480469
237.9524688720703,475.46832275390625
247.29701232910156,471.9163818359375
256.50901794433594,468.0390625
265.65379333496094,464.00042724609375
274.7786407470703,459.91705322265625
283.88116455078125,455.78399658203125
292.9574890136719,451.5941467285156
302.0037841796875,447.33941650390625
311.01458740234375,443.0101623535156
319.8103332519531,438.26641845703125
328.4772033691406,433.2844543457031
337.0714111328125,428.1781311035156
345.57373046875,422.9201965332031
353.6235046386719,417.0028381347656
361.39703369140625,410.718017578125
368.61297607421875,403.8232727050781
375.0831298828125,396.2048645019531
380.2022705078125,387.62646484375
383.7510070800781,378.2968444824219
385.48162841796875,368.4631652832031
385.6954345703125,358.4773254394531
383.3560485839844,348.7966613769531
380.8466796875,339.1202392578125
378.4245910644531,329.4211730957031
375.9447021484375,319.73699951171875
373.82513427734375,310.24017333984375
382.61444091796875,313.8912353515625
391.4826965332031,317.7373046875
401.197021484375,320.09613037109375
410.9257507324219,322.39593505859375
420.60235595703125,324.9046936035156
430.13421630859375,327.9143371582031
439.36676025390625,331.7267761230469
448.005859375,336.6889953613281
455.5478210449219,343.24005126953125
459.5165710449219,352.36431884765625
459.5279235839844,362.07366943359375
455.849609375,371.3595886230469
450.6022644042969,379.78167724609375
443.68145751953125,386.99560546875
436.72528076171875,394.1754455566406
429.73516845703125,401.3220520019531
422.9675598144531,408.6507568359375
414.9222106933594,414.5668640136719
405.7037048339844,418.2554931640625
396.0575866699219,420.8788757324219
386.3308410644531,423.1851501464844
376.5317077636719,425.1524658203125
366.6236572265625,426.4815979003906
356.71575927734375,427.812255859375
346.80853271484375,429.148681640625
336.9747619628906,430.8750915527344
327.3802185058594,433.6753234863281
318.0272216796875,437.1969299316406
308.5172119140625,439.5129699707031
298.5212097167969,439.4049377441406
288.53240966796875,439.0125732421875
278.56097412109375,438.3493957519531
268.747314453125,436.4466857910156
258.9870300292969,434.2854309082031
249.27670288085938,431.9101867675781
239.6120147705078,429.35443115234375
229.98959350585938,426.6443176269531
220.40609741210938,423.79949951171875
211.07391357421875,420.3099365234375
202.24282836914062,415.625244140625
193.52210998535156,410.7380676269531
184.90342712402344,405.67340087890625
176.378662109375,400.4518737792969
167.94143676757812,395.09039306640625
159.58477783203125,389.6033630371094
151.30419921875,384.00299072265625
143.0933609008789,378.3003234863281
134.94841766357422,372.50421142578125
126.86521911621094,366.6223449707031
118.83977508544922,360.6614074707031
110.86897277832031,354.62799072265625
102.94954681396484,348.5274658203125
95.07937622070312,342.36309814453125
88.23432922363281,335.16436767578125
82.1670150756836,327.2194519042969
76.28199005126953,319.138671875
70.58226013183594,310.9261779785156
65.07079315185547,302.5859375
59.74911880493164,294.1235046386719
54.61882019042969,285.5436096191406
49.681854248046875,276.85113525390625
44.93861389160156,268.0516662597656
40.389211654663086,259.1501770019531
36.03370666503906,250.15203857421875
31.87186050415039,241.06280517578125
27.903101921081543,231.88780212402344
24.126169681549072,222.63223266601562
20.53936392068863,213.3011016845703
17.14094305038452,203.89959716796875
13.928950309753418,194.4329833984375
10.90129280090332,184.90565490722656
8.055233001708984,175.3227996826172
5.387823104858398,165.68850708007812
2.8960189819335938,156.00711059570312
0.5774383544921875,146.2830581665039
-1.5716094970703125,136.52001190185547
-3.5544986724853516,126.72201538085938
-5.374135971069336,116.89241027832031
-7.034492492675781,107.03417205810547
-8.538902282714844,97.15142059326172
-9.890335083007812,87.24649047851562
-11.09294319152832,77.32231140136719
-12.15011978149414,67.38146209716797
-13.06524658203125,57.42664337158203
-13.841747283935547,47.459964752197266
-14.483016967773438,37.483930587768555
-6.4073638916015625,34.439887046813965
3.4598846435546875,32.83397197723389
13.326873779296875,31.228096961975098
23.193878173828125,29.62222194671631
33.060874938964844,28.016345024108887
42.927879333496094,26.410470008850098
52.79512023925781,24.80455493927002
62.66211700439453,23.19867992401123
72.52912139892578,21.59280490875244
82.3961181640625,19.986928939819336
92.26312255859375,18.381053924560547
102.13035583496094,16.775139808654785
111.99736022949219,15.16926383972168
121.86436462402344,13.563388347625732
131.73136138916016,11.957512855529785
141.59835815429688,10.351637840270996
151.46560668945312,8.745722770690918
161.33261108398438,7.139817237854004
171.19961547851562,5.533888816833496
181.0666046142578,3.9279613494873047
190.933837890625,2.3219947814941406
200.8008270263672,0.716064453125
210.66781616210938,-0.889862060546875
220.53482055664062,-2.495790481567383
230.4018096923828,-4.101718902587891
240.26904296875,-5.707685470581055
250.13607788085938,-7.313653945922852
260.00306701660156,-8.91961669921875
269.87005615234375,-10.525581359863281
279.7370300292969,-12.131546020507812
289.6042785644531,-13.737548828125
299.47125244140625,-15.343513488769531
309.3382263183594,-16.949474334716797
319.2052307128906,-18.555438995361328
329.072265625,-20.16143035888672
338.9394836425781,-21.767520904541016
348.80645751953125,-23.373573303222656
358.6734313964844,-24.97962188720703
368.5404052734375,-26.585674285888672
378.4076232910156,-28.19176483154297
388.2745666503906,-29.79781723022461
398.14154052734375,-31.40386962890625
408.0085144042969,-33.009918212890625
417.87548828125,-34.615970611572266
427.7427062988281,-36.22206115722656
437.60968017578125,-37.8281135559082
447.4766540527344,-39.43416213989258
457.3436279296875,-41.04021453857422
467.2106018066406,-42.64626693725586
477.07781982421875,-44.252357482910156
486.94476318359375,-45.85840606689453
496.811767578125,-47.46446228027344
506.6787109375,-49.07051086425781
516.5457153320312,-50.67655944824219
526.4129028320312,-52.28265380859375
536.2799072265625,-53.888702392578125
546.1468505859375,-55.4947509765625
556.0137939453125,-57.100807189941406
565.8807983398438,-58.70685577392578
575.7479858398438,-60.312950134277344
585.614990234375,-61.91899871826172
595.48193359375,-63.525054931640625
605.3489379882812,-65.131103515625
615.2161254882812,-66.73719787597656
625.0831298828125,-68.34324645996094
634.9500732421875,-69.94929504394531
644.8170166015625,-71.55535125732422
654.6840209960938,-73.1613998413086
664.5512084960938,-74.76748657226562
669.4127807617188,-69.80181884765625
663.5283813476562,-61.84101104736328
655.7225952148438,-55.60736846923828
647.3600463867188,-50.13324737548828
638.725341796875,-45.09654235839844
629.9265747070312,-40.35181427001953
621.0166625976562,-35.81887435913086
612.0257568359375,-31.448902130126953
602.97314453125,-27.208236694335938
593.8707275390625,-23.074607849121094
584.7283325195312,-19.030601501464844
575.5523071289062,-15.063907623291016
566.3475952148438,-11.163576126098633
557.1178588867188,-7.322729110717773
547.8668823242188,-3.5339202880859375
538.5970458984375,0.20817947387695312
529.3099670410156,3.9082889556884766
520.0079956054688,7.569906234741211
510.6916198730469,11.196081161499023
501.3633728027344,14.790412425994873
492.02362060546875,18.354995608329773
482.6731872558594,21.891255378723145
473.31298828125,25.401772499084473
463.94403076171875,28.88919448852539
454.5670166015625,32.354722023010254
445.1826171875,35.79943561553955
435.7908020019531,39.2245979309082
426.3919372558594,42.63028907775879
416.98638916015625,46.01813316345215
407.57525634765625,49.38935470581055
398.1584167480469,52.74491500854492
388.73760986328125,56.089115142822266
379.331298828125,59.47433853149414
369.9494934082031,62.92734909057617
360.59417724609375,66.45063400268555
351.266845703125,70.04718017578125
341.9693603515625,73.72043228149414
332.70391845703125,77.47475051879883
323.47308349609375,81.3122673034668
314.2797546386719,85.2389144897461
305.1263122558594,89.25762176513672
296.0160827636719,93.37332916259766
286.9529113769531,97.59201049804688
277.9407653808594,101.91848754882812
268.9842529296875,106.35855102539062
260.0881042480469,110.91874694824219
251.2587890625,115.60686492919922
242.5018310546875,120.4290771484375
233.8256072998047,125.39454650878906
225.23805236816406,130.5120849609375
216.74896240234375,135.79115295410156
208.3695068359375,141.2425079345703
200.11241149902344,146.87767791748047
191.99276733398438,152.70880126953125
184.02745056152344,158.7493133544922
176.23703002929688,165.0131072998047
168.6443634033203,171.5159454345703
161.27752685546875,178.272705078125
154.16807556152344,185.29962158203125
147.35352325439453,192.61285400390625
140.87728118896484,200.22708129882812
134.7886199951172,208.15460205078125
129.14405059814453,216.4037628173828
124.00637817382812,224.97723388671875
119.44235229492188,233.869384765625
115.5206527709961,243.06248474121094
112.30738067626953,252.52621459960938
109.860595703125,262.2162170410156
108.22280883789062,272.0749053955078
107.4174575805664,282.03631591796875
107.44464874267578,292.0303649902344
109.6318588256836,301.4363098144531
115.88204956054688,309.2381591796875
122.29743957519531,316.9046630859375
128.95539093017578,324.3607482910156
136.02638244628906,331.4236145019531
144.059326171875,337.31781005859375
150.46600341796875,332.94427490234375
149.46145629882812,323.0224914550781
147.1265640258789,313.30450439453125
144.2718963623047,303.7242431640625
141.1229248046875,294.23687744140625
137.7782974243164,284.8161315917969
134.2915802001953,275.4473114013672
130.6962661743164,266.11912536621094
127.01454162597656,256.8250427246094
123.26133728027344,247.55950927734375
119.448486328125,238.31845092773438
115.58370971679688,229.0986785888672
111.67589569091797,219.89694213867188
107.72822570800781,210.71290588378906
103.74586486816406,201.5432891845703
99.73280334472656,192.38731384277344
95.69193267822266,183.2437286376953
91.62560272216797,174.1109619140625
87.53644561767578,164.98892211914062
83.42567443847656,155.8760528564453
79.29486846923828,146.77261352539062
75.14638137817383,137.67755126953125
70.9812126159668,128.58931732177734
66.80000686645508,119.50922393798828
62.60383224487305,110.435302734375
58.39474868774414,101.3678207397461
54.171539306640625,92.30691528320312
49.937021255493164,83.2508316040039
45.69025230407715,74.2014389038086
41.43339157104492,65.1561279296875
37.16485595703125,56.11602783203125
32.88750648498535,47.08049011230469
28.60016441345215,38.04949188232422
24.30430269241333,29.023357391357422
409.8500061035156,343.8999938964844
409.94000244140625,344.5400085449219
409.6300048828125,348.6000061035156
411.0899963378906,346.8999938964844
415.08673095703125,354.15460205078125
417.30999755859375,359.510009765625
418.8525695800781,365.6373291015625
418.1499938964844,366.4200134277344
415.0248718261719,377.33868408203125
407.8195495605469,386.2445373535156
406.7099914550781,387.2900085449219
398.9068603515625,393.3247375488281
389.7624206542969,397.1529235839844
380.61181640625,400.9661560058594
371.41790771484375,404.6733093261719
362.14990234375,408.19146728515625
352.8880920410156,411.72625732421875
343.5802917480469,415.136474609375
334.45361328125,418.9835205078125
325.7165222167969,423.6654357910156
320.82000732421875,426.4599914550781
312.73779296875,432.1131896972656
311.2200012207031,433.2900085449219
301.17608642578125,439.584228515625
308.9599914550781,435.5199890136719
312.1569519042969,439.1203918457031
320.9925842285156,434.3759765625
326.1700134277344,431.5
328.3800048828125,430.25
327.70001220703125,433.010009765625
327.9100036621094,433.20001220703125
336.14373779296875,427.5323791503906
342.7284240722656,420.025390625
349.8678283691406,414.8121643066406
353.803466796875,411.6402282714844
351.8599853515625,415.94000244140625
358.163330078125,412.8399963378906
364.09613037109375,405.27606201171875
369.5191955566406,397.48895263671875
371.2699890136719,395.1499938964844
372.7099914550781,393.6499938964844
374.2300109863281,389.4599914550781
376.7099914550781,385.3299865722656
381.08099365234375,375.77691650390625
380.1413879394531,378.292236328125
376.20001220703125,386.0899963378906
371.02398681640625,393.5251770019531
369.3399963378906,396.1600036621094
374.4002990722656,388.9998474121094
368.80999755859375,395.9700012207031
362.0284118652344,403.193603515625
354.99444580078125,410.1991271972656
347.8389892578125,417.08050537109375
340.6153869628906,423.89056396484375
359.8800048828125,405.30999755859375
366.6601257324219,398.1969299316406
372.9005126953125,390.62408447265625
377.8633117675781,382.1448974609375
381.85015869140625,373.1847229003906
383.517578125,363.51751708984375
383.67999267578125,359.80999755859375
383.70001220703125,359.6300048828125
383.6700134277344,364.2799987792969
383.6700134277344,364.0899963378906
381.7869567871094,373.4524230957031
377.8434143066406,382.1481628417969
373.02734375,390.40655517578125
366.9725341796875,397.78936767578125
360.382080078125,404.7174377441406
353.6062927246094,411.4648132324219
346.67279052734375,418.0500793457031
339.68841552734375,424.58148193359375
383.7799987792969,364.5899963378906
384.2099914550781,363.8500061035156
385.4700012207031,359.1000061035156
388.29998779296875,349.8800048828125
389.42999267578125,346.20001220703125
389.05999755859375,344.0799865722656
388.260009765625,340.739990234375
385.6400146484375,345.05999755859375
384.6000061035156,349.489990234375
384.8500061035156,355.6700134277344
384.67999267578125,360.9599914550781
384.1400146484375,362.57000732421875
385.0899963378906,357.6000061035156
383.75,355.20001220703125
387.010009765625,340.5199890136719
389.4892272949219,332.38800048828125
391.950927734375,326.38751220703125
391.67999267578125,332
392.4800109863281,335.3800048828125
391.2300109863281,335.5199890136719
389.91741943359375,323.546142578125
386.05999755859375,313.6300048828125
386.3699951171875,313.760009765625
396,314.2699890136719
391.8800048828125,314.1700134277344
404.9700012207031,314.3999938964844
399.55999755859375,314.9570007324219
406.1497802734375,314.58935546875
414.3299865722656,314.1600036621094
421.3386535644531,313.7680358886719
421.1632385253906,313.72723388671875
414.3934631347656,317.5799865722656
413.5799865722656,321.4200134277344
411.0799865722656,320.6499938964844
410.05999755859375,320.30999755859375
409.0199890136719,319.9700012207031
408.9477233886719,318.6663513183594
416.5799865722656,314.0299987792969
414.8299865722656,314.1300048828125
414.760009765625,314.1400146484375
413.67999267578125,314.20001220703125
406.1000061035156,314.6300048828125
408.69000244140625,319.8599853515625
406.1199951171875,323.1099853515625
405.4200134277344,323.4200134277344
404.3299865722656,319.1199951171875
400.80999755859375,320.4800109863281
402.6600036621094,319.8500061035156
401.760009765625,324.5
398.3399963378906,323.25
397.3454895019531,316.1064453125
394.57000732421875,321.42999267578125
396.6000061035156,314.5199890136719
392.8299865722656,321.45001220703125
393.260009765625,322.8399963378906
395.30535888671875,325.8996887207031
394.70001220703125,324.70001220703125
397.3500061035156,323.9200134277344
396.5799865722656,327.8399963378906
395.9800109863281,328.5299987792969
397.8399963378906,328.70001220703125
399.80999755859375,331.4100036621094
400.6600036621094,332.3399963378906
404.9485168457031,334.6404724121094
406.1099853515625,337.3599853515625
405.1300048828125,334.25
409.67327880859375,328.72796630859375
409.11431884765625,334.6174621582031
411.0799865722656,336.989990234375
417.31292724609375,331.22509765625
420.3230285644531,331.2275390625
417.8299865722656,335.82000732421875
417.4700012207031,335.6499938964844
414.8399963378906,339.17999267578125
410.95001220703125,340.67999267578125
415.0199890136719,336.32000732421875
411.5299987792969,340.79998779296875
413.3999938964844,341.0199890136719
412.07000732421875,344.5799865722656
419.05999755859375,337.8900146484375
428.2256774902344,334.8895568847656
436.6276550292969,328.40570068359375
446.8789978027344,327.1059875488281
455.44000244140625,325.67999267578125
454.20733642578125,318.86944580078125
444.9774475097656,320.19683837890625
443.0799865722656,324.3900146484375
443.55999755859375,320.260009765625
443.55999755859375,317.7900085449219
445.2604675292969,311.3753356933594
446.4800109863281,311.260009765625
452.2300109863281,310.75
464.489990234375,309.7799987792969
474.2376403808594,309.0787048339844
475.288818359375,310.5110168457031
481.6499938964844,309.8699951171875
483.4100036621094,309.2799987792969
493.3985595703125,308.771728515625
498.8663024902344,309.52581787109375
495.6310729980469,311.1042175292969
496.9100036621094,311.2200012207031
507.23956298828125,311.57159423828125
517.3715209960938,312.5565185546875
525.3359680175781,316.0624694824219
535.088623046875,315.6827087402344
545.1300048828125,313.9100036621094
540.2999877929688,310.9100036621094
543.31884765625,307.9356994628906
552.9453735351562,306.5264892578125
562.5581665039062,305.0528564453125
572.2294311523438,304.7538757324219
537.3599853515625,308.6600036621094
527.0980529785156,306.54376220703125
533.630859375,304.4373779296875
525.8924560546875,303.5487365722656
515.4438781738281,303.2090759277344
504.9787292480469,303.7032775878906
494.5299987792969,304.5047607421875
486.77740478515625,308.4503479003906
482.283935546875,312.0646667480469
472.2504577636719,309.0377197265625
467.9700012207031,308.2799987792969
463.8500061035156,308.8699951171875
483.3299865722656,314.3599853515625
485.80999755859375,313.239990234375
491.9140930175781,308.706298828125
520.6799926757812,303.3599853515625
528.5700073242188,301.739990234375
526.5029907226562,301.3834228515625
543.219970703125,313.6099853515625
533.5,311.6499938964844
527.8999938964844,310.79998779296875
515.8255615234375,309.6042175292969
512.0299987792969,309.32000732421875
509.8824157714844,307.5315856933594
499.56756591796875,307.12896728515625
508.3299865722656,309.1499938964844
544.0700073242188,314.1300048828125
529.2200012207031,316.6700134277344
534.6466674804688,321.8433837890625
523.5299987792969,313.8699951171875
503.9800109863281,311.1300048828125
497.8094482421875,313.9525146484375
492.3299865722656,311.05999755859375
487.6600036621094,310.94000244140625
471.42999267578125,310.4800109863281
460.260009765625,310.4599914550781
453.0199890136719,311.8699951171875
455.1099853515625,312.1300048828125
460.67462158203125,311.9051208496094
457.07000732421875,311.7200012207031
463.3999938964844,311.3500061035156
472.7545166015625,313.1026306152344
480.04547119140625,316.2149353027344
474.42999267578125,313.260009765625
469.94000244140625,312.4700012207031
469.5199890136719,312.3500061035156
464.3900146484375,311.3599853515625
461.8399963378906,311.3399963378906
461.8399963378906,311.3399963378906
453.723388671875,311.5146789550781
444.09326171875,312.5603332519531
434.07757568359375,312.83038330078125
437.00238037109375,312.7176208496094
446.0799865722656,312.57000732421875
447.92999267578125,312.44000244140625
456.57275390625,314.04833984375
465.8034362792969,317.0314636230469
464.0419616699219,319.09515380859375
466.8699951171875,317.4200134277344
446.1300048828125,312.79998779296875
439.8399963378906,313.6300048828125
439.55999755859375,315.20001220703125
434.8500061035156,314.9700012207031
426.69329833984375,314.8644714355469
425.8399963378906,315.92999267578125
434.52423095703125,317.3131103515625
436.3999938964844,318.6099853515625
439.3047790527344,323.925537109375
441.4124450683594,327.52081298828125
434.1099853515625,325.2200012207031
435.94000244140625,326.95001220703125
429.8599853515625,325.9800109863281
430.9800109863281,321.1700134277344
432.1300048828125,320.239990234375
427.32000732421875,317.29998779296875
420.5664978027344,319.17889404296875
419.399169921875,316.6527404785156
418.9800109863281,314.54998779296875
422.7720031738281,313.7951965332031
431.15655517578125,314.1990661621094
428,313.9599914550781
426.75,313.9100036621094
425.0299987792969,313.55999755859375
417.3500061035156,314.5299987792969
417.5799865722656,314.6099853515625
408.1683044433594,314.5613708496094
417.29998779296875,315.3399963378906
414.0299987792969,316.9700012207031
413.94000244140625,319.32000732421875
411.2699890136719,319.5799865722656
404.8999938964844,315.1499938964844
404.6499938964844,315.0899963378906
408.7300109863281,316.32000732421875
410.8399963378906,318.8999938964844
413.7200012207031,315.1099853515625
405.9574279785156,314.6014404296875
420.32000732421875,317.07000732421875
421.510009765625,319.80999755859375
423.7699890136719,323.239990234375
425.2900085449219,324.6499938964844
444.57000732421875,324.7699890136719
452.19000244140625,324.7300109863281
451,327.3299865722656
446.8500061035156,329.7799987792969
450.82000732421875,323.44000244140625
444.80999755859375,323.1700134277344
437.8500061035156,318.7200012207031
443.6191711425781,317.0045166015625
439.19000244140625,315.5400085449219
440.760009765625,315.80999755859375
444.44000244140625,318.2799987792969
437.1099853515625,317.04998779296875
446.67999267578125,314.80999755859375
429.6099853515625,313.1400146484375
426.1600036621094,314.1400146484375
426.3599853515625,317.25
426.3699951171875,320.010009765625
428.2699890136719,316.44000244140625
432.44000244140625,312.6700134277344
431.9788818359375,315.96185302734375
435.29998779296875,312.3699951171875
425.54998779296875,320.95001220703125
421.489990234375,321.67999267578125
422.6400146484375,318.70001220703125
423.489990234375,314.1300048828125
420.1499938964844,315.7799987792969
422.2900085449219,313.6400146484375
426,313.3599853515625
419.17999267578125,320.9100036621094
416.8699951171875,326.0400085449219
422.70001220703125,327.8399963378906
425.35540771484375,324.3753356933594
420.94000244140625,325.1300048828125
416.45001220703125,326.2699890136719
409.6099853515625,323.7200012207031
407.79998779296875,327.9700012207031
405.3299865722656,329.5199890136719
404.7200012207031,324.19000244140625
402.3703308105469,329.0920715332031
403.04998779296875,326.739990234375
412.9200134277344,331.010009765625
410.55999755859375,337.2099914550781
411.75,332.8800048828125
425.70001220703125,313.3500061035156
426.0400085449219,313.32000732421875
451.6300048828125,311.70001220703125
456.55999755859375,311.82000732421875
475.6700134277344,309.0199890136719
456.489990234375,318.6199951171875
455.44000244140625,325.67999267578125
463.1612243652344,323.594482421875
442.2099914550781,328.54998779296875
425,336.1400146484375
424.3900146484375,335.2900085449219
419.54998779296875,338.3800048828125
409.5899963378906,339.6400146484375
406.7354431152344,343.32666015625
405.3999938964844,343.7099914550781
403.92999267578125,338.7099914550781
401.9714660644531,334.09466552734375
402.67999267578125,336.2099914550781
403,340.0899963378906
393.9200134277344,332.94000244140625
393.5199890136719,336.1000061035156
392.8599853515625,340.19000244140625
396.3053894042969,348.88299560546875
395.1199951171875,349.57000732421875
394.08917236328125,355.1621398925781
392.6131286621094,349.40985107421875
393.9599914550781,345.6600036621094
393.3299865722656,351.94000244140625
387.4492492675781,361.1009216308594
384.17999267578125,366.69000244140625
382.8299865722656,369.6099853515625
384.1430358886719,368.5236511230469
380.768798828125,376.7640075683594
379.69000244140625,379.3500061035156
383.70001220703125,371.19000244140625
388.32470703125,360.9976501464844
389.8999938964844,361.6199951171875
389.1199951171875,366.6499938964844
390.2304382324219,368.6412353515625
396.6018981933594,362.1816711425781
396.69000244140625,362.0899963378906
393.28167724609375,361.9390563964844
391.6099853515625,359.6600036621094
398.70001220703125,354.20001220703125
399.52178955078125,351.1351623535156
401.2900085449219,349.6499938964844
403.8599853515625,346.30999755859375
400.0899963378906,345.0400085449219
387.54998779296875,371.5299987792969
384.69000244140625,374.8599853515625
378.5040283203125,382.8145446777344
376.41925048828125,386.3733825683594
371.4096374511719,392.2244873046875
364.2687072753906,399.3360900878906
374.3800048828125,389.0799865722656
381.37286376953125,382.71368408203125
385.54998779296875,378.70001220703125
393.0735778808594,370.157958984375
386.94000244140625,377.95001220703125
380.010009765625,385.2099914550781
371.7821960449219,392.5107421875
366.55999755859375,397.07000732421875
362.4551696777344,400.54913330078125
360.6700134277344,401.9700012207031
352.810546875,408.7055969238281
349.6700134277344,411.79998779296875
342.8436584472656,416.2469787597656
338.74835205078125,418.0515441894531
330.4285583496094,423.0093688964844
344.7300109863281,414.3699951171875
351.1459655761719,408.8775329589844
348.1097412109375,410.7149353027344
348.79998779296875,410.9700012207031
342.4599914550781,416.7699890136719
332.5446472167969,422.8782958984375
351.2699890136719,410.1700134277344
356.0199890136719,405.8299865722656
392.989990234375,372.8500061035156
399.07000732421875,366.9800109863281
400.3800048828125,361.510009765625
409.1000061035156,353.4800109863281
409.04998779296875,359.1600036621094
402.2060241699219,365.29083251953125
397.47802734375,372.8221130371094
392.6962890625,377.4258728027344
394.45001220703125,377.1499938964844
386.8099060058594,383.591552734375
379.9113464355469,390.72979736328125
386.9823303222656,386.76611328125
395.1924743652344,381.1537170410156
403.48883056640625,375.5976867675781
405.75238037109375,368.65521240234375
410.7200012207031,365.05999755859375
409.68853759765625,370.6488037109375
407.98626708984375,379.0353698730469
400.7536926269531,385.23175048828125
393.02557373046875,390.80230712890625
385.1507873535156,396.16339111328125
376.99139404296875,401.0526123046875
402.5299987792969,383.8399963378906
393.8429260253906,387.5516357421875
385.1924133300781,391.3724060058594
379.1113586425781,393.80596923828125
370.6384582519531,398.00457763671875
362.8218994140625,402.4798889160156
364.57000732421875,401.29998779296875
371.583740234375,395.3672180175781
371.2727355957031,394.7388610839844
375.04998779296875,392.25
365.5199890136719,401.0799865722656
358.8561096191406,405.9219055175781
412.32000732421875,363.92999267578125
396.5,375.2799987792969
399.2099914550781,366.989990234375
403.5641174316406,358.6077880859375
403.4200134277344,358.3699951171875
410.0018005371094,365.2834777832031
417.1400146484375,364.1400146484375
415.25,366.5899963378906
406.4100036621094,362.4200134277344
407.3599853515625,359.4100036621094
377.7699890136719,383.80999755859375
375.1199951171875,387.32000732421875
375.20001220703125,387.44000244140625
379.0117492675781,381.07342529296875
373.17999267578125,389.94000244140625
372.7699890136719,390.5199890136719
388.9700012207031,366.5899963378906
389.70001220703125,361.8599853515625
379.69000244140625,379.3500061035156
377.4700012207031,384.80999755859375
377.4700012207031,384.8599853515625
376.969482421875,388.5972595214844
378.69000244140625,382.2799987792969
379.92999267578125,379.3999938964844
380.9454650878906,379.0648193359375
380.7799987792969,379.8299865722656
380.010009765625,383.45001220703125
380.57000732421875,379.6400146484375
381.6400146484375,374.3699951171875
384.8800048828125,365.1199951171875
386.8999938964844,360.760009765625
390.2200012207031,344.6300048828125
390.67999267578125,342.989990234375
391.1600036621094,342.30999755859375
404.70001220703125,338.45001220703125
407.5799865722656,339.55999755859375
408.4200134277344,333.55999755859375
390.0199890136719,319.04998779296875
389.94000244140625,320.7300109863281
389.6400146484375,320.4100036621094
389.7799987792969,317.05999755859375
390.9100036621094,318.19000244140625
391.1199951171875,314.94000244140625
396.5,314.6400146484375
397.1000061035156,315.739990234375
400.4100036621094,318.0299987792969
397.7300109863281,321.6499938964844
397.20001220703125,321.17999267578125
404.6199951171875,315.95001220703125
405.70001220703125,318.8500061035156
408.7300109863281,319.8800048828125
412.0199890136719,314.3999938964844
412.6300048828125,320.95001220703125
413.6499938964844,318.0899963378906
413.32000732421875,316.489990234375
414.5899963378906,315.1700134277344
413.7300109863281,314.19000244140625
407.760009765625,314.4100036621094
406.8599853515625,314.4599914550781
399.760009765625,314.6700134277344
393.6300048828125,314.2200012207031
390.8299865722656,324.8399963378906
386.04998779296875,329.7900085449219
388.010009765625,321.05999755859375
387.0400085449219,319.3500061035156
383.3900146484375,366.44000244140625
382.8699951171875,368.510009765625
383.2799987792969,365.2200012207031
383.30999755859375,365.0299987792969
383.32000732421875,364.8599853515625
382.7200012207031,369.3800048828125
382.45001220703125,371.1199951171875
382.1600036621094,372.6700134277344
381.8800048828125,373.95001220703125
380.9700012207031,385.5199890136719
381.5400085449219,378.3299865722656
382.9183349609375,370.1322326660156
370.6400146484375,393.67999267578125
376.25,385.9800109863281
365.8399963378906,405.2200012207031
363.2300109863281,406.0299987792969
361.0899963378906,407.0799865722656
351.20001220703125,414.7900085449219
344.2824401855469,421.8165283203125
343.6700134277344,421.32000732421875
344.69000244140625,421.67999267578125
308.3900146484375,441.0899963378906
339.8399963378906,416.5299987792969
350.3900146484375,412.69000244140625
359.09149169921875,408.0925598144531
367.7027282714844,403.3281555175781
350.3900146484375,412.69000244140625
341.7694396972656,417.2786865234375
333.0739440917969,421.7189025878906
337.38494873046875,420.16363525390625
346.4326171875,416.4895324707031
355.3821105957031,412.5786437988281
330.7200012207031,422.80999755859375
321.0760498046875,427.3893127441406
311.4389343261719,431.9839172363281
400.1000061035156,392.80999755859375
392.0511474609375,398.5076599121094
383.7196960449219,403.7845764160156
375.21380615234375,408.7760925292969
366.59906005859375,413.5775146484375
357.9256286621094,418.2725830078125
349.2384033203125,422.942138671875
340.5388488769531,427.5885925292969
331.8357849121094,432.2285461425781
323.1554260253906,436.91058349609375
314.4967041015625,441.6327209472656
305.8545227050781,446.3850402832031
297.2458190917969,451.197265625
288.7083740234375,456.13525390625
280.2796630859375,461.2530517578125
272.0045166015625,466.6189880371094
263.78590393066406,472.0710754394531
255.6230926513672,477.6064147949219
247.5137481689453,483.21978759765625
239.45611572265625,488.9071350097656
231.44869995117188,494.66497802734375
400.92999267578125,392.1600036621094
410.1305847167969,388.63604736328125
411.2699890136719,388.2200012207031
421.0010070800781,384.6473083496094
430.6769714355469,380.9280090332031
440.3087463378906,377.0953369140625
449.858642578125,373.066162109375
457.4608154296875,373.5439758300781
453.3343200683594,376.60638427734375
452.4200134277344,371.9200134277344
452.1330261230469,366.72406005859375
448.1199951171875,368.4200134277344
441.5208435058594,359.55755615234375
443.6700134277344,357.19000244140625
453.2225646972656,354.0809020996094
462.7245788574219,349.2322998046875
471.8516540527344,343.675537109375
475.2611389160156,339.8046569824219
478.30999755859375,339.6199951171875
487.4500427246094,336.5191955566406
495.0771179199219,330.2357177734375
504.1444396972656,326.71197509765625
513.7158813476562,324.2628479003906
523.2714538574219,321.78985595703125
532.8472290039062,319.403076171875
542.572265625,317.7082214355469
552.2752075195312,315.8413391113281
561.9601440429688,313.8755798339844
571.656494140625,311.9662780761719
581.0010375976562,308.78326416015625
590.3955078125,305.7334899902344
599.8592529296875,305.45257568359375
609.7015991210938,306.2384338378906
619.559814453125,306.9338073730469
625.1728515625,308.7657165527344
630.9750366210938,309.23486328125
640.851806640625,308.8903503417969
650.7280883789062,308.5329284667969
660.0957641601562,305.5980529785156
669.3199462890625,302.056640625
678.7052001953125,298.97186279296875
688.0450439453125,295.7466125488281
697.5955810546875,293.2057189941406
707.1657104492188,290.7423095703125
716.3629150390625,291.9190368652344
724.8564453125,296.2294921875
718.973876953125,298.0411376953125
709.2583618164062,299.8515319824219
699.8028564453125,302.6166076660156
689.9651489257812,302.9926452636719
680.0873413085938,303.1009216308594
726.760009765625,296.30999755859375
737.2801513671875,293.8779602050781
743.50537109375,291.5445556640625
732.7562255859375,290.5859069824219
745.6599731445312,291.8599853515625
755.3670654296875,294.2070007324219
754.2359008789062,297.7077941894531
749.37353515625,300.489990234375
759.1748046875,299.1165466308594
768.7509155273438,296.2806091308594
778.3453369140625,293.50848388671875
787.8029174804688,290.3470153808594
797.47021484375,287.8424072265625
795.039794921875,285.3088073730469
785.2184448242188,283.49688720703125
775.466796875,284.8868103027344
765.7412109375,287.1578674316406
756.0155639648438,289.4289245605469
783.0499877929688,283.1199951171875
792.7150268554688,280.8111267089844
802.3768920898438,278.48895263671875
812.03564453125,276.15362548828125
821.690673828125,273.80323791503906
831.3424682617188,271.43959045410156
840.9912109375,269.0632629394531
850.5618286132812,266.3928527832031
860.0997314453125,263.6049346923828
869.6119995117188,260.7309265136719
879.097900390625,257.7710723876953
888.5543212890625,254.71836853027344
897.9806518554688,251.57395935058594
907.2958984375,248.11813354492188
917.0115966796875,246.42279052734375
926.9393920898438,246.04238891601562
936.870361328125,246.32278442382812
946.7880859375,246.93983459472656
956.6922607421875,247.7442169189453
966.577880859375,248.7513885498047
976.2938232421875,250.75450134277344
985.8902587890625,253.3215789794922
995.419189453125,256.1322326660156
996.8263549804688,260.6044921875
987.6127319335938,264.3265075683594
978.3927001953125,268.0326843261719
969.166259765625,271.72276306152344
960.125732421875,275.8223419189453
951.5488891601562,280.7681579589844
944.87158203125,288.1261901855469
935.7362670898438,291.84759521484375
926.2239990234375,294.7218322753906
916.7073364257812,297.58154296875
907.1861572265625,300.4260559082031
897.6598510742188,303.2532653808594
888.1286010742188,306.0639953613281
878.5924072265625,308.8576354980469
869.1519775390625,311.8958435058594
859.466552734375,314.11248779296875
849.736572265625,316.1305847167969
840.0028076171875,318.1300354003906
830.2650756835938,320.1101379394531
820.5125122070312,322.0155334472656
810.7552490234375,323.89727783203125
800.9490356445312,325.1645812988281
791.2494506835938,326.7775573730469
783.3209228515625,332.72564697265625
774.7923583984375,337.8253479003906
766.021240234375,342.4935607910156
757.3458862304688,347.2865905761719
749.8538818359375,353.8142395019531
740.1283569335938,354.9295959472656
730.1996459960938,354.523681640625
720.8875732421875,356.8511962890625
713.2569580078125,360.9151306152344
721.2582397460938,355.2635498046875
723.2781982421875,347.4280700683594
717.8515625,342.8553771972656
708.063720703125,344.37408447265625
698.2932739257812,343.0676574707031
688.882080078125,340.0194396972656
684.7575073242188,336.3032531738281
693.838623046875,332.34368896484375
723.1699829101562,347.6099853515625
714.9465942382812,355.15283203125
802.47998046875,324.9700012207031
804.2552490234375,315.5271301269531
797.2276611328125,314.9234313964844
787.5846557617188,315.8822937011719
778.1256103515625,317.9361572265625
768.64111328125,319.94171142578125
759.133056640625,321.8314514160156
749.6333618164062,323.76239013671875
740.2259521484375,326.0795593261719
732.468994140625,330.38037109375
804.5399780273438,313.3800048828125
801.6983032226562,303.7938537597656
795.2496337890625,296.225341796875
786.7711791992188,290.8482360839844
782.6979370117188,286.8336181640625
792.2278442382812,283.6078796386719
801.7495727539062,280.3581237792969
811.2643432617188,277.0879821777344
820.7716064453125,273.7961730957031
830.3494873046875,270.77159118652344
780.1300048828125,287.70001220703125
770.3285522460938,284.96234130859375
760.3574829101562,282.9308166503906
750.296875,281.4095458984375
748.2380981445312,279.1363525390625
757.6754760742188,275.3263702392578
767.093017578125,271.4676971435547
768.6818237304688,268.8130798339844
744.3499755859375,280.69000244140625
734.09619140625,279.8368835449219
724.07861328125,281.598388671875
714.1492919921875,284.2963562011719
704.21533203125,286.9772033691406
694.2766723632812,289.6405334472656
684.3320922851562,292.2816162109375
674.3823852539062,294.9033203125
731.280029296875,279.6300048828125
721.0567626953125,279.1924133300781
710.85009765625,279.09271240234375
700.978759765625,281.7879638671875
691.0993041992188,284.453369140625
681.2150268554688,287.1009826660156
671.3193359375,289.7052001953125
661.4090576171875,292.2538757324219
651.4935302734375,294.78179931640625
711.4400024414062,278.92999267578125
701.8773193359375,278.9007568359375
692.31787109375,279.12152099609375
682.7680053710938,279.6182861328125
673.2203369140625,280.1435546875
663.8618774414062,281.8409118652344
654.60888671875,284.2551574707031
645.3582763671875,286.6781005859375
647.0703125,288.3902893066406
669.8699951171875,280.2699890136719
659.6876220703125,280.6358947753906
649.51025390625,281.1217346191406
639.3363647460938,281.66973876953125
631.9484252929688,288.16064453125
622.7659912109375,290.2445983886719
612.94140625,290.8100891113281
605.574951171875,293.577392578125
615.2120361328125,294.45330810546875
612.0162963867188,299.1871643066406
608.010009765625,291.17999267578125
598.92041015625,288.0667419433594
590.5715942382812,292.1893615722656
581.7794799804688,293.8392639160156
572.5062255859375,292.14727783203125
563.06298828125,294.4295654296875
553.7034301757812,297.033203125
544.45458984375,300.0055236816406
535.6857299804688,301.22686767578125
527.8146667480469,299.0118408203125
520.9287719726562,305.643310546875
519.2669677734375,300.9655456542969
532.3900146484375,302.4800109863281
626.469970703125,291.3299865722656
871.5399780273438,311.32000732421875
872.2689819335938,320.44647216796875
869.716552734375,329.6861877441406
867.1041870117188,337.6887512207031
863.8736572265625,346.7079772949219
868.083984375,348.5184020996094
877.4383544921875,345.8047790527344
886.7886962890625,343.07708740234375
896.1346435546875,340.3342590332031
905.4766235351562,337.5780944824219
914.8146362304688,334.8085021972656
924.1480712890625,332.0235290527344
933.4773559570312,329.2247009277344
942.8026123046875,326.4123840332031
952.1234130859375,323.58563232421875
961.4397583007812,320.7439270019531
970.751953125,317.8887023925781
900.2000122070312,250.82000732421875
889.5883178710938,252.86111450195312
879.0460205078125,255.23464965820312
868.58251953125,257.9346923828125
858.206787109375,260.95440673828125
847.9269409179688,264.2860412597656
748.6799926757812,300.4100036621094
738.9547729492188,302.5309143066406
729.2311401367188,304.6592102050781
719.5092163085938,306.7952575683594
709.7890625,308.9393005371094
700.0709838867188,311.09246826171875
690.359130859375,313.2738342285156
680.6495971679688,315.4654541015625
670.9420776367188,317.66607666015625
661.2376708984375,319.8804016113281
651.5360107421875,322.10662841796875
642.59716796875,326.0388488769531
633.4286499023438,329.6085510253906
623.7371215820312,331.8785400390625
614.0496826171875,334.1656494140625
607.9904174804688,334.7009582519531
600.2510375976562,336.5528869628906
590.9118041992188,339.8819580078125
581.2507934570312,342.1679382324219
571.604248046875,344.6219787597656
561.9556884765625,347.06805419921875
552.3068237304688,349.51318359375
542.6731567382812,352.01715087890625
533.0431518554688,354.53546142578125
523.4168090820312,357.0670166015625
514.5077209472656,361.34307861328125
505.3698425292969,365.27777099609375
495.947021484375,368.4853820800781
486.5248718261719,371.6949157714844
477.10736083984375,374.91815185546875
482.5019226074219,375.7406311035156
492.1761169433594,373.4011535644531
501.7920227050781,370.830078125
511.4309387207031,368.3484191894531
521.1156311035156,366.0700988769531
522.43701171875,366.9588928222656
521.8399963378906,357.4100036621094
531.3601684570312,352.5253601074219
531.8947143554688,349.30548095703125
521.6703491210938,352.530029296875
531.1400146484375,349.0899963378906
537.1803588867188,344.77099609375
547.0638427734375,344.22900390625
556.8549194335938,343.1589660644531
566.5615844726562,340.25
576.2581787109375,337.2995910644531
585.7782592773438,333.82818603515625
595.2587890625,330.243896484375
602.630859375,326.7018737792969
612.1819458007812,323.3141784667969
621.8729858398438,320.36700439453125
631.410400390625,316.9502258300781
640.6695556640625,312.8586730957031
599.4000244140625,327.67999267578125
589.4097290039062,327.395263671875
579.4573364257812,327.1393127441406
569.7039794921875,329.2358093261719
559.73583984375,329.61041259765625
550.4102783203125,332.3768310546875
541.8285522460938,337.49267578125
535.219970703125,341.6600036621094
527.7199401855469,344.94036865234375
526.6900024414062,345.3900146484375
517.7972412109375,349.14276123046875
508.7790222167969,352.57958984375
499.6382751464844,355.6795654296875
490.46136474609375,358.67138671875
481.2881774902344,361.6749267578125
472.1184387207031,364.6889343261719
463.0026550292969,367.8597106933594
554.2899780273438,330.07000732421875
547.5999755859375,331.1400146484375
539.0562133789062,332.5056457519531
541.7341918945312,326.9002990722656
537.5900268554688,332.739990234375
529.5741271972656,335.6172180175781
533.0700073242188,333.4700012207031
523.5093078613281,334.8896484375
513.9135131835938,336.035400390625
504.2869567871094,336.8980407714844
495.4536437988281,339.9102783203125
492.01690673828125,342.8081359863281
499.3900146484375,337.239990234375
557.0700073242188,329.6199951171875
565.9878540039062,325.67901611328125
573.9964599609375,321.50323486328125
574.3699951171875,321.4700012207031
580.9532470703125,317.7780456542969
580.4400024414062,326.94000244140625
588.8998413085938,323.00335693359375
597.5303955078125,319.49468994140625
606.1859741210938,316.04461669921875
598.3300170898438,337.3299865722656
592.6791381835938,337.5781555175781
607.760009765625,335.6600036621094
713.260009765625,290.010009765625
709.5800170898438,289.95001220703125
717.2791137695312,285.7924499511719
724.827392578125,281.36737060546875
600.0599975585938,305.5299987792969
593.8268432617188,309.84222412109375
496.3299865722656,329.05999755859375
498.2469787597656,323.0455627441406
498.4316101074219,316.1610412597656
496.6099853515625,317.4599914550781
486.22296142578125,320.25323486328125
481.3307189941406,323.6578369140625
485.2625427246094,330.5118103027344
449.3599853515625,353.9700012207031
441.3984069824219,352.32220458984375
446.8572692871094,348.0997314453125
440.4700012207031,352.2099914550781
434.7300109863281,350.1199951171875
430.44000244140625,348.2900085449219
427.32000732421875,346.260009765625
420.54998779296875,348.5400085449219
440.8900146484375,358.7300109863281
436.4599914550781,360.6199951171875
429.294677734375,363.6826477050781
382.07000732421875,383.4800109863281
382.5899963378906,380.3900146484375
282.5899963378906,456.79998779296875
281.1300048828125,456.6700134277344
377.0299987792969,393.3800048828125
377.0282897949219,393.3757629394531
377.026611328125,393.3715515136719
377.02490234375,393.3673095703125
377.023193359375,393.36309814453125
377.021484375,393.3588562011719
377.0198059082031,393.3546447753906
377.0180969238281,393.35040283203125
377.0163879394531,393.34619140625
377.0146789550781,393.3419494628906
377.01300048828125,393.3377380371094
377.01129150390625,393.33349609375
377.00958251953125,393.3292541503906
377.00787353515625,393.3250427246094
377.0061950683594,393.32080078125
377.0044860839844,393.31658935546875
377.0027770996094,393.3123474121094
377.0010681152344,393.3081359863281
376.9993896484375,393.30389404296875
376.9976806640625,393.2996826171875
376.9960021972656,393.2954406738281
376.99432373046875,393.29119873046875
376.9926452636719,393.2869567871094
376.9909973144531,393.28271484375
376.98931884765625,393.2784729003906
376.9876403808594,393.27423095703125
376.9859619140625,393.2699890136719
376.9842834472656,393.2657470703125
376.9826354980469,393.2615051269531
376.98095703125,393.2572937011719
376.9792785644531,393.2530517578125
376.97760009765625,393.2488098144531
376.9759216308594,393.24456787109375
376.9742431640625,393.2403259277344
376.97259521484375,393.236083984375
376.9709167480469,393.2318420410156
376.96923828125,393.22760009765625
376.9675598144531,393.2233581542969
376.96588134765625,393.2191162109375
376.9642639160156,393.2148742675781
376.9626159667969,393.21063232421875
376.9609680175781,393.20635986328125
376.9593200683594,393.2021179199219
376.9576721191406,393.1978759765625
376.9560241699219,393.1936340332031
376.9543762207031,393.1893615722656
376.9527587890625,393.18511962890625
376.95111083984375,393.1808776855469
376.949462890625,393.1766052246094
376.94781494140625,393.17236328125
376.9461669921875,393.1681213378906
376.94451904296875,393.16387939453125
376.94287109375,393.15960693359375
376.9412536621094,393.1553649902344
376.9396057128906,393.151123046875
376.9379577636719,393.1468505859375
376.9363098144531,393.1426086425781
376.9346618652344,393.13836669921875
376.9330749511719,393.13409423828125
376.93145751953125,393.12982177734375
376.9298400878906,393.1255798339844
376.92822265625,393.1213073730469
376.9266052246094,393.1170349121094
376.92498779296875,393.11279296875
376.9233703613281,393.1085205078125
376.9217529296875,393.104248046875
376.9201354980469,393.1000061035156
376.9185485839844,393.0957336425781
376.91693115234375,393.0914611816406
376.9153137207031,393.08721923828125
376.9136962890625,393.08294677734375
376.9120788574219,393.07867431640625
376.91046142578125,393.0744323730469
376.9088439941406,393.0701599121094
376.9072265625,393.0658874511719
376.9056091308594,393.0616455078125
376.9040222167969,393.057373046875
376.9024658203125,393.0531005859375
376.90087890625,393.048828125
376.8993225097656,393.0445251464844
376.8977355957031,393.0402526855469
376.89617919921875,393.0359802246094
376.8946228027344,393.0317077636719
376.8930358886719,393.0274353027344
376.8914794921875,393.02313232421875
376.889892578125,393.01885986328125
376.8883361816406,393.01458740234375
376.8867492675781,393.01031494140625
376.88519287109375,393.00604248046875
376.88360595703125,393.00177001953125
376.8820495605469,392.9974670410156
376.8804626464844,392.9931945800781
376.87890625,392.9889221191406
376.8773193359375,392.9846496582031
376.8757629394531,392.9803771972656
376.8741760253906,392.97607421875
376.87261962890625,392.9718017578125
376.87103271484375,392.967529296875
376.8694763183594,392.9632568359375
376.8678894042969,392.958984375
376.8663330078125,392.9546813964844
376.86474609375,392.9504089355469
376.8631896972656,392.9461364746094
376.8616027832031,392.9418640136719
376.86004638671875,392.9375915527344
376.85845947265625,392.9333190917969
376.8569030761719,392.92901611328125
376.8553466796875,392.92474365234375
376.853759765625,392.92047119140625
376.8522033691406,392.91619873046875
376.8506164550781,392.91192626953125
376.84906005859375,392.9076232910156
376.84747314453125,392.9033508300781
376.8459167480469,392.8990783691406
376.8443908691406,392.894775390625
376.8428649902344,392.8905029296875
376.8413391113281,392.8861999511719
376.8398132324219,392.88189697265625
376.8382873535156,392.8775939941406
376.8367614746094,392.8733215332031
376.8352355957031,392.8690185546875
376.8337097167969,392.8647155761719
376.8321838378906,392.86041259765625
376.8306579589844,392.85614013671875
376.8291320800781,392.8518371582031
376.8276062011719,392.8475341796875
376.8260803222656,392.8432312011719
376.8245544433594,392.8389587402344
376.8230285644531,392.83465576171875
376.8215026855469,392.8303527832031
376.8199768066406,392.8260803222656
376.8184814453125,392.82177734375
376.81695556640625,392.8174743652344
376.8154602050781,392.81317138671875
376.81396484375,392.8088684082031
376.8124694824219,392.8045654296875
376.81097412109375,392.8002624511719
376.8094787597656,392.79595947265625
376.8079833984375,392.7916564941406
376.8064880371094,392.787353515625
376.80499267578125,392.7830505371094
376.8034973144531,392.7787170410156
376.8019714355469,392.7744140625
376.80047607421875,392.7701110839844
376.7989807128906,392.76580810546875
376.7974853515625,392.7615051269531
376.7959899902344,392.7572021484375
376.79449462890625,392.7528991699219
376.7929992675781,392.74859619140625
376.79150390625,392.7442932128906
